{"cameraMode":{"drawMode":0,"name":"Shaded","section":"Shading Mode"},"sceneLighting":true,"audioPlay":false,"sceneViewState":{"showFog":true,"showMaterialUpdate":false,"showSkybox":true,"showFlares":true,"showImageEffects":true,"showParticleSystems":true},"in2DMode":false,"pivot":{"x":1053.6341552734375,"y":219.23863220214845,"z":-385.58935546875},"rotation":{"x":0.053549982607364658,"y":0.12488758563995362,"z":-0.006750515196472406,"w":0.9907025098800659},"size":508.4419860839844,"orthographic":false}